"","text","favorited","favoriteCount","replyToSN","created","truncated","replyToSID","id","replyToUID","statusSource","screenName","retweetCount","isRetweet","retweeted","longitude","latitude"
"1","Good Deal &amp; exchange offer on Lenovo K3 Note(Black, 16 GB, 5.5 inch) https://t.co/tgC6osNlRN #bigbilliondays #flipkart #smartphone",FALSE,0,NA,2015-10-20 19:50:17,FALSE,NA,"656558070873616384",NA,"<a href=""http://bufferapp.com"" rel=""nofollow"">Buffer</a>","RupinderGupta",0,FALSE,FALSE,NA,NA
"2","Attractive Price !!! Buy Moto G (2nd Generation) https://t.co/Pk8zUbuLrf #flipkart #shopping #ecommerce #google #android #BigBillionDays",FALSE,0,NA,2015-10-20 19:34:05,FALSE,NA,"656553997634019328",NA,"<a href=""http://bufferapp.com"" rel=""nofollow"">Buffer</a>","anshbhalogupto",0,FALSE,FALSE,NA,NA
"3","#Flipkart Download best #FlipkartApp 4 #Android #iOS #Windows Mre offers on #mobileapp : https://t.co/DmtXeujHBi https://t.co/jMJ9Ro0eVg",FALSE,0,NA,2015-10-20 19:32:31,FALSE,NA,"656553600450207744",NA,"<a href=""http://www.simplycast.com"" rel=""nofollow"">SimplyCast</a>","ONLYOffers1",0,FALSE,FALSE,NA,NA
"4","#deals Preethi Gold - MG150 750 W Mixer Grinder is selling cheaper at INR 3649 today https://t.co/Touvl8tLWV #flipkart",FALSE,0,NA,2015-10-20 19:32:22,FALSE,NA,"656553565691904000",NA,"<a href=""http://www.fliptrak.in"" rel=""nofollow"">fliptrak-node</a>","pricetrak",0,FALSE,FALSE,NA,NA
"5","#deals #Sony Xperia C4 Dual is selling cheaper at INR 21124 today https://t.co/Hs5SMR8eBR #flipkart",FALSE,0,NA,2015-10-20 19:31:45,FALSE,NA,"656553409340805120",NA,"<a href=""http://www.fliptrak.in"" rel=""nofollow"">fliptrak-node</a>","pricetrak",0,FALSE,FALSE,NA,NA
"6","#Flipkart #India #sonyTV at best price ever #TVs
Offers here : https://t.co/HtabIchGQC",FALSE,0,NA,2015-10-20 19:26:19,FALSE,NA,"656552039942635521",NA,"<a href=""http://www.simplycast.com"" rel=""nofollow"">SimplyCast</a>","DealsBasket",0,FALSE,FALSE,NA,NA
"7","#Flipkart #India #sonyTV at best price ever #TVs
Offers here : https://t.co/SyQqqacL1y",FALSE,0,NA,2015-10-20 19:26:16,FALSE,NA,"656552030417375232",NA,"<a href=""http://www.simplycast.com"" rel=""nofollow"">SimplyCast</a>","ONLYOffers1",0,FALSE,FALSE,NA,NA
"8","#deals #Salomon Fellraiser Terrain Running Shoes is selling cheaper at INR 4443 today https://t.co/rZdmJu7Y6n #flipkart",FALSE,0,NA,2015-10-20 19:24:24,FALSE,NA,"656551560172826624",NA,"<a href=""http://www.fliptrak.in"" rel=""nofollow"">fliptrak-node</a>","pricetrak",0,FALSE,FALSE,NA,NA
"9","Attractive Price !!! Buy Moto G (2nd Generation) https://t.co/afAX3GXzR3 #flipkart #shopping #ecommerce #google #android #BigBillionDays …",FALSE,0,NA,2015-10-20 19:24:04,FALSE,NA,"656551475485810688",NA,"<a href=""http://bufferapp.com"" rel=""nofollow"">Buffer</a>","chrisjonny9",0,FALSE,FALSE,NA,NA
"10","Attractive Price !!! Buy Moto G (2nd Generation) https://t.co/VWCqofnpGX #flipkart #shopping #ecommerce #google #android #BigBillionDay",FALSE,0,NA,2015-10-20 19:12:09,FALSE,NA,"656548478269702145",NA,"<a href=""http://bufferapp.com"" rel=""nofollow"">Buffer</a>","RupinderGupta",0,FALSE,FALSE,NA,NA
"11","shaiqshai1: RT https://t.co/VpeF8N4pup #FliPkart .... PlZ gIve mE onLy onE stOne deLiveRed in mY hand.... So ThaT i cOuld uSe iT as Soon a…",FALSE,0,NA,2015-10-20 19:09:07,FALSE,NA,"656547713568415744",NA,"<a href=""http://ifttt.com"" rel=""nofollow"">IFTTT</a>","Rocking_Virat",0,FALSE,FALSE,NA,NA
"12","I've shopped at @pennyfulindia! Get latest #coupons and extra #cashback for #Amazon #Flipkart #Snapdeal etc. Join at https://t.co/EW8y7k7afd",FALSE,0,NA,2015-10-20 18:56:55,FALSE,NA,"656544644168204288",NA,"<a href=""http://twitter.com"" rel=""nofollow"">Twitter Web Client</a>","mudit2394",0,FALSE,FALSE,NA,NA
"13","#FliPkart .... PlZ gIve mE onLy onE stOne deLiveRed in mY hand.... So ThaT i cOuld uSe iT as Soon aZ possIblE",FALSE,0,NA,2015-10-20 18:51:33,FALSE,NA,"656543292717314048",NA,"<a href=""http://www.facebook.com/twitter"" rel=""nofollow"">Facebook</a>","shaiqshai1",0,FALSE,FALSE,NA,NA
"14","RT @baapoffers: Seagate 500 GB Laptop Internal Hard Drive 51% OFF on Flipkart https://t.co/OrHT5S1j51 #Flipkart #laptop #Diwali #seagate #D…",FALSE,0,NA,2015-10-20 18:50:37,FALSE,NA,"656543056846524416",NA,"<a href=""http://twitter.com/download/android"" rel=""nofollow"">Twitter for Android</a>","riyasinghluv",1,TRUE,FALSE,NA,NA
"15","Seagate 500 GB Laptop Internal Hard Drive 51% OFF on Flipkart https://t.co/OrHT5S1j51 #Flipkart #laptop #Diwali #seagate #DiwaliSurprise",FALSE,0,NA,2015-10-20 18:45:18,FALSE,NA,"656541719736033280",NA,"<a href=""http://twitter.com"" rel=""nofollow"">Twitter Web Client</a>","baapoffers",1,FALSE,FALSE,NA,NA
"16","@afrancis_8789 : Flipkart will only deliver COD product....u and I who paid already ,have to wait. Pathetic service by #Flipkart",FALSE,0,"afrancis_8789",2015-10-20 18:44:48,FALSE,"656539827752448000","656541595454603264","376264679","<a href=""https://mobile.twitter.com"" rel=""nofollow"">Mobile Web (M2)</a>","DeepeshTripath7",0,FALSE,FALSE,NA,NA
"17","RT #Flipkart Download best #FlipkartApp 4 #Android #iOS #Windows Mre offers on #mobileapp … https://t.co/UzVXCW1N4d https://t.co/BgJdh3ZgRE",FALSE,1,NA,2015-10-20 18:33:45,FALSE,NA,"656538813800562688",NA,"<a href=""http://ifttt.com"" rel=""nofollow"">IFTTT</a>","Benkoen64",0,FALSE,FALSE,NA,NA
"18","#Flipkart Download best #FlipkartApp 4 #Android #iOS #Windows Mre offers on #mobileapp : https://t.co/cRqT4SYByl https://t.co/zfzcnR1xjP",FALSE,1,NA,2015-10-20 18:32:25,FALSE,NA,"656538476997976064",NA,"<a href=""http://www.simplycast.com"" rel=""nofollow"">SimplyCast</a>","DealsBasket",0,FALSE,FALSE,NA,NA
"19","#Flipkart Download best #FlipkartApp 4 #Android #iOS #Windows Mre offers on #mobileapp : https://t.co/vNCdC1ZFMy https://t.co/lrfL9pkDvy",FALSE,1,NA,2015-10-20 18:32:23,FALSE,NA,"656538468861018112",NA,"<a href=""http://www.simplycast.com"" rel=""nofollow"">SimplyCast</a>","Tweetrameshwar",0,FALSE,FALSE,NA,NA
"20","#deals #Wildcraft Wanderer 58 L Large Backpack is selling cheaper at INR 3780 today https://t.co/CD25f3ZDpd #flipkart",FALSE,0,NA,2015-10-20 18:25:28,FALSE,NA,"656536726647627777",NA,"<a href=""http://www.fliptrak.in"" rel=""nofollow"">fliptrak-node</a>","pricetrak",0,FALSE,FALSE,NA,NA
"21","#deals #Hawkins Miss Mary 5 L Pressure Cooker is selling cheaper by 4% at INR 960 today https://t.co/FgxJvZk0eG #flipkart",FALSE,0,NA,2015-10-20 18:15:01,FALSE,NA,"656534099679510529",NA,"<a href=""http://www.fliptrak.in"" rel=""nofollow"">fliptrak-node</a>","pricetrak",0,FALSE,FALSE,NA,NA
"22","imshobhitmathur: RT https://t.co/VpeF8N4pup I'm avoiding #Flipkart . Can't even share a link with a friend if he'… https://t.co/dR4jWiU8rm",FALSE,0,NA,2015-10-20 18:09:14,FALSE,NA,"656532644528828416",NA,"<a href=""http://ifttt.com"" rel=""nofollow"">IFTTT</a>","Rocking_Virat",0,FALSE,FALSE,NA,NA
"23","#flipkart #snapdeal #myntra #amazon #onlineshopping #diwalisale #BringHomeHappiness https://t.co/2M0f3Gr1lk",FALSE,1,NA,2015-10-20 18:09:04,FALSE,NA,"656532599368630273",NA,"<a href=""http://twitter.com/download/iphone"" rel=""nofollow"">Twitter for iPhone</a>","AshrutJain",0,FALSE,FALSE,NA,NA
"24","I'm avoiding #Flipkart . Can't even share a link with a friend if he's not using the #app. No whatsapp/email sharing
https://t.co/wog0P1nW1U",FALSE,0,NA,2015-10-20 18:05:41,FALSE,NA,"656531747509702656",NA,"<a href=""http://twitter.com/download/android"" rel=""nofollow"">Twitter for Android</a>","imshobhitmathur",0,FALSE,FALSE,NA,NA
"25","#deals WHY WE BUY:THE SCIENCE OF SHOPPING (English) is selling cheaper at INR 360 today https://t.co/OXkeAqti6x #flipkart",FALSE,0,NA,2015-10-20 17:59:35,FALSE,NA,"656530213136789504",NA,"<a href=""http://www.fliptrak.in"" rel=""nofollow"">fliptrak-node</a>","pricetrak",0,FALSE,FALSE,NA,NA
"26","#Flipkart #India #sonyTV at best price ever #TVs
Offers here : https://t.co/HtabIchGQC",FALSE,0,NA,2015-10-20 17:46:25,FALSE,NA,"656526900408537088",NA,"<a href=""http://www.simplycast.com"" rel=""nofollow"">SimplyCast</a>","DealsBasket",0,FALSE,FALSE,NA,NA
"27","#Flipkart #India #sonyTV at best price ever #TVs
Offers here : https://t.co/kttM2A6zHx",FALSE,0,NA,2015-10-20 17:46:23,FALSE,NA,"656526894452600832",NA,"<a href=""http://www.simplycast.com"" rel=""nofollow"">SimplyCast</a>","Tweetrameshwar",0,FALSE,FALSE,NA,NA
"28","#Flipkart #India #sonyTV at best price ever #TVs
Offers here : https://t.co/SyQqqacL1y",FALSE,0,NA,2015-10-20 17:46:22,FALSE,NA,"656526889973100544",NA,"<a href=""http://www.simplycast.com"" rel=""nofollow"">SimplyCast</a>","ONLYOffers1",0,FALSE,FALSE,NA,NA
"29","#Flipkart  with #indianrail  ! :) #Mumbai #Coimbatore exp. https://t.co/WkzGrBeO4k",FALSE,0,NA,2015-10-20 17:45:07,FALSE,NA,"656526572086784000",NA,"<a href=""http://twitter.com/download/android"" rel=""nofollow"">Twitter for Android</a>","kautilyadutt",0,FALSE,FALSE,NA,NA
"30","#smartphone #BigBillionDays Special Extra Rs5,000 Off on Nexus 6 &amp; Exchange upto Rs.10,000 https://t.co/sA6nG0fAbV #snapdeal #flipkart …",FALSE,0,NA,2015-10-20 17:42:09,FALSE,NA,"656525828591894528",NA,"<a href=""http://bufferapp.com"" rel=""nofollow"">Buffer</a>","chrisjonny9",0,FALSE,FALSE,NA,NA
"31","RT @EconomicTimes: Free food, masseuse on call: #Flipkart, #Snapdeal give overworked staff festive cheer https://t.co/LGAi3zUwr4 https://t.…",FALSE,0,NA,2015-10-20 17:38:53,FALSE,NA,"656525005384060928",NA,"<a href=""http://twitter.com/download/android"" rel=""nofollow"">Twitter for Android</a>","Chandana_Gupta",6,TRUE,FALSE,NA,NA
"32","#smartphone #BigBillionDays Special Extra Rs5,000 Off on Nexus 6 &amp; Exchange upto Rs.10,000 https://t.co/ZgpXNv01Vp #snapdeal #flipkart",FALSE,0,NA,2015-10-20 17:36:00,FALSE,NA,"656524278649782272",NA,"<a href=""http://bufferapp.com"" rel=""nofollow"">Buffer</a>","anshbhalogupto",0,FALSE,FALSE,NA,NA
"33","#Flipkart Download best #FlipkartApp 4 #Android #iOS #Windows Mre offers on #mobileapp : https://t.co/cRqT4SYByl https://t.co/WrZLokWyFE",FALSE,0,NA,2015-10-20 17:32:29,FALSE,NA,"656523392980525060",NA,"<a href=""http://www.simplycast.com"" rel=""nofollow"">SimplyCast</a>","DealsBasket",0,FALSE,FALSE,NA,NA
"34","#Flipkart Download best #FlipkartApp 4 #Android #iOS #Windows Mre offers on #mobileapp : https://t.co/vNCdC1ZFMy https://t.co/74RizeI8dR",FALSE,0,NA,2015-10-20 17:32:27,FALSE,NA,"656523385141403648",NA,"<a href=""http://www.simplycast.com"" rel=""nofollow"">SimplyCast</a>","Tweetrameshwar",0,FALSE,FALSE,NA,NA
"35","#Flipkart Download best #FlipkartApp 4 #Android #iOS #Windows Mre offers on #mobileapp : https://t.co/DmtXeujHBi https://t.co/CkDOzklCQE",FALSE,0,NA,2015-10-20 17:32:25,FALSE,NA,"656523379084800001",NA,"<a href=""http://www.simplycast.com"" rel=""nofollow"">SimplyCast</a>","ONLYOffers1",0,FALSE,FALSE,NA,NA
"36","#deals #Samsung Grand Prime is selling cheaper at INR 9850 today https://t.co/u6GKJViXfU #flipkart",FALSE,0,NA,2015-10-20 17:26:51,FALSE,NA,"656521975599202305",NA,"<a href=""http://www.fliptrak.in"" rel=""nofollow"">fliptrak-node</a>","pricetrak",0,FALSE,FALSE,NA,NA
"37","Recive new #vego #helmet from #amazon it's very comfortable.....but delivery system low....#flipkart very fast https://t.co/6q7mZAVz3e",FALSE,0,NA,2015-10-20 17:19:49,FALSE,NA,"656520204999106561",NA,"<a href=""http://www.twitter.com"" rel=""nofollow"">Twitter for Windows Phone</a>","bishnoi_bansi",0,FALSE,FALSE,NA,NA
"38","RT @Couponhaat: #Philips Body #Groomer BG1025/15 #Trimmer at Rs. 999(On App)
Shop Now : https://t.co/040d3ZOPZo
#Flipkart https://t.co/bbJv…",FALSE,0,NA,2015-10-20 17:11:55,FALSE,NA,"656518218148810752",NA,"<a href=""http://twitter.com/download/android"" rel=""nofollow"">Twitter for Android</a>","924Karan",2,TRUE,FALSE,NA,NA
"39","Attractive Price !!! Buy Moto G (2nd Generation) https://t.co/VWCqofnpGX #flipkart #shopping #ecommerce #google #android #BigBillionDays",FALSE,0,NA,2015-10-20 17:11:02,FALSE,NA,"656517996312178688",NA,"<a href=""http://bufferapp.com"" rel=""nofollow"">Buffer</a>","RupinderGupta",0,FALSE,FALSE,NA,NA
"40","#deals PNY BE-740 10400 mAh is selling cheaper at INR 1197 today https://t.co/Hceflk0ppX #flipkart",FALSE,0,NA,2015-10-20 17:08:28,FALSE,NA,"656517350963843072",NA,"<a href=""http://www.fliptrak.in"" rel=""nofollow"">fliptrak-node</a>","pricetrak",0,FALSE,FALSE,NA,NA
"41","RT @Couponhaat: Register Now Alcatel Flash 2(Volcanic Grey, 16 GB) at Rs. 9,299
Shop Now : https://t.co/MQyffrWHKD
#Flipkart https://t.co/M…",FALSE,0,NA,2015-10-20 17:08:20,FALSE,NA,"656517315010232320",NA,"<a href=""http://twitter.com/#!/download/ipad"" rel=""nofollow"">Twitter for iPad</a>","piyushpuri12",3,TRUE,FALSE,NA,NA
"42","RT @Couponhaat: #Philips Body #Groomer BG1025/15 #Trimmer at Rs. 999(On App)
Shop Now : https://t.co/040d3ZOPZo
#Flipkart https://t.co/bbJv…",FALSE,0,NA,2015-10-20 17:08:07,FALSE,NA,"656517262078144512",NA,"<a href=""http://twitter.com/#!/download/ipad"" rel=""nofollow"">Twitter for iPad</a>","piyushpuri12",2,TRUE,FALSE,NA,NA
"43","RT @SwipeLYF: Record-breaking sales of Swipe Elite. #Flipkart #BigBillionDay. Don't wait. Get yours now! http://t.co/KjGkgk1OKG http://t.co…",FALSE,0,NA,2015-10-20 17:06:05,FALSE,NA,"656516751211954176",NA,"<a href=""http://twitter.com/download/android"" rel=""nofollow"">Twitter for Android</a>","SriiDatta",11,TRUE,FALSE,NA,NA
"44","#Philips Body #Groomer BG1025/15 #Trimmer at Rs. 999(On App)
Shop Now : https://t.co/040d3ZOPZo
#Flipkart https://t.co/bbJv8oTvBi",FALSE,2,NA,2015-10-20 17:01:43,FALSE,NA,"656515650756722688",NA,"<a href=""http://www.hootsuite.com"" rel=""nofollow"">Hootsuite</a>","Couponhaat",2,FALSE,FALSE,NA,NA
"45","RT @rajdgreat007: #Flipkart turned into FLOP-KART at #BigBillionDays..Paymnt debited bt order not placed. @flipkartsupport sucks..more thn …",FALSE,0,NA,2015-10-20 16:59:34,FALSE,NA,"656515110672842752",NA,"<a href=""http://twitter.com/download/android"" rel=""nofollow"">Twitter for Android</a>","amit_thakkar01",1,TRUE,FALSE,NA,NA
"46","#Flipkart turned into FLOP-KART at #BigBillionDays..Paymnt debited bt order not placed. @flipkartsupport sucks..more thn 7 days..no feedback",FALSE,0,NA,2015-10-20 16:58:52,FALSE,NA,"656514932884639744",NA,"<a href=""http://twitter.com"" rel=""nofollow"">Twitter Web Client</a>","rajdgreat007",1,FALSE,FALSE,NA,NA
"47","RT @crazydealonline: buy #Nexus6P(Graphite, 32 GB) only 39999 only at #flipkart and get 28000rs yatra offer https://t.co/2M04x9NS8W",FALSE,0,NA,2015-10-20 16:57:37,FALSE,NA,"656514619800973313",NA,"<a href=""http://twitter.com/download/android"" rel=""nofollow"">Twitter for Android</a>","DgDamini",1,TRUE,FALSE,NA,NA
"48","RT @Flipkart: Here's a sneak peek of the new #Flipkart office! http://t.co/x3axeshuGq",FALSE,0,NA,2015-10-20 16:50:19,FALSE,NA,"656512781563244544",NA,"<a href=""http://twitter.com/download/android"" rel=""nofollow"">Twitter for Android</a>","iamitsahu",131,TRUE,FALSE,NA,NA
"49","#deals #Panasonic KX-TG3411SXH Cordless Landline Phone is selling cheaper at INR 1610 today https://t.co/dRr5SE5jLY #flipkart",FALSE,0,NA,2015-10-20 16:46:27,FALSE,NA,"656511809453617153",NA,"<a href=""http://www.fliptrak.in"" rel=""nofollow"">fliptrak-node</a>","pricetrak",0,FALSE,FALSE,NA,NA
"50","#deals #Asus RT-N10E Wireless-N150 Router is selling cheaper at INR 937 today https://t.co/psbWDer00h #flipkart",FALSE,0,NA,2015-10-20 16:42:04,FALSE,NA,"656510707727364096",NA,"<a href=""http://www.fliptrak.in"" rel=""nofollow"">fliptrak-node</a>","pricetrak",0,FALSE,FALSE,NA,NA
"51","#deals #Micromax X2814 is selling cheaper at INR 1464 today https://t.co/ynZXNoSuf0 #flipkart",FALSE,0,NA,2015-10-20 16:40:02,FALSE,NA,"656510192943693825",NA,"<a href=""http://www.fliptrak.in"" rel=""nofollow"">fliptrak-node</a>","pricetrak",0,FALSE,FALSE,NA,NA
"52","RT @Couponhaat: Register Now Alcatel Flash 2(Volcanic Grey, 16 GB) at Rs. 9,299
Shop Now : https://t.co/MQyffrWHKD
#Flipkart https://t.co/M…",FALSE,0,NA,2015-10-20 16:37:51,FALSE,NA,"656509645867999233",NA,"<a href=""http://twitter.com/download/android"" rel=""nofollow"">Twitter for Android</a>","924Karan",3,TRUE,FALSE,NA,NA
"53","#Flipkart vs #Amazon: Who won the #Diwali #online #sale battle? https://t.co/jBvKHopTBe",FALSE,0,NA,2015-10-20 16:37:40,FALSE,NA,"656509599701295104",NA,"<a href=""http://mobile.twitter.com"" rel=""nofollow"">Mobile Web</a>","SyedKafeelAhmed",0,FALSE,FALSE,NA,NA
"54","#deals #Sony Xperia Z (Black, 16 GB) is selling cheaper at INR 22000 today https://t.co/YPpHAlZSVE #flipkart",FALSE,0,NA,2015-10-20 16:33:34,FALSE,NA,"656508568586223616",NA,"<a href=""http://www.fliptrak.in"" rel=""nofollow"">fliptrak-node</a>","pricetrak",0,FALSE,FALSE,NA,NA
"55","#Flipkart Download best #FlipkartApp 4 #Android #iOS #Windows Mre offers on #mobileapp : https://t.co/DmtXeujHBi https://t.co/Gm7RNSU6Co",FALSE,1,NA,2015-10-20 16:32:33,FALSE,NA,"656508313576845312",NA,"<a href=""http://www.simplycast.com"" rel=""nofollow"">SimplyCast</a>","ONLYOffers1",0,FALSE,FALSE,NA,NA
"56","RT @Couponhaat: Register Now Alcatel Flash 2(Volcanic Grey, 16 GB) at Rs. 9,299
Shop Now : https://t.co/MQyffrWHKD
#Flipkart https://t.co/M…",FALSE,0,NA,2015-10-20 16:31:32,FALSE,NA,"656508057468338176",NA,"<a href=""http://twitter.com/download/android"" rel=""nofollow"">Twitter for Android</a>","tanisha1nonly",3,TRUE,FALSE,NA,NA
"57","Register Now Alcatel Flash 2(Volcanic Grey, 16 GB) at Rs. 9,299
Shop Now : https://t.co/MQyffrWHKD
#Flipkart https://t.co/MBtu3N8dnq",FALSE,2,NA,2015-10-20 16:30:59,FALSE,NA,"656507915969417216",NA,"<a href=""http://www.hootsuite.com"" rel=""nofollow"">Hootsuite</a>","Couponhaat",3,FALSE,FALSE,NA,NA
"58","#deals Mi In-Ear Headphones is selling cheaper at INR 499 today https://t.co/btjhR645gE #flipkart",FALSE,0,NA,2015-10-20 16:29:44,FALSE,NA,"656507603061571585",NA,"<a href=""http://www.fliptrak.in"" rel=""nofollow"">fliptrak-node</a>","pricetrak",0,FALSE,FALSE,NA,NA
"59","#deals GKI Long Life Ping Pong Ball -   Diameter: 4 cm is selling cheaper at INR 105 today https://t.co/ylP11nJmgi #flipkart",FALSE,0,NA,2015-10-20 16:29:16,FALSE,NA,"656507487105904640",NA,"<a href=""http://www.fliptrak.in"" rel=""nofollow"">fliptrak-node</a>","pricetrak",0,FALSE,FALSE,NA,NA
"60","Worst experience with #Flipkart. Flipkart sucks big time. Good bye flipkart. Welcome #Amazon #amazonindia https://t.co/Pr94Go8DFS",FALSE,0,NA,2015-10-20 16:22:46,FALSE,NA,"656505851079888902",NA,"<a href=""http://twitter.com/download/android"" rel=""nofollow"">Twitter for Android</a>","BhargavKaneria",0,FALSE,FALSE,NA,NA
"61","Chowdarysuper: RT https://t.co/VpeF8N4pup RT SwipeLYF: Record-breaking sales of Swipe Elite. #Flipkart #BigBillio… https://t.co/YWpFPyuR9t",FALSE,0,NA,2015-10-20 16:09:18,FALSE,NA,"656502460585025536",NA,"<a href=""http://ifttt.com"" rel=""nofollow"">IFTTT</a>","Rocking_Virat",0,FALSE,FALSE,NA,NA
"62","AvdhutwarSatyam: RT https://t.co/VpeF8N4pup RT SwipeLYF: Record-breaking sales of Swipe Elite. #Flipkart #BigBill… https://t.co/YWpFPyuR9t",FALSE,0,NA,2015-10-20 16:09:16,FALSE,NA,"656502451504304128",NA,"<a href=""http://ifttt.com"" rel=""nofollow"">IFTTT</a>","Rocking_Virat",0,FALSE,FALSE,NA,NA
"63","imAChaurasia: RT https://t.co/VpeF8N4pup New countdown for <U+0905><U+0901><U+0927><U+0947><U+0930><U+093E> <U+0915><U+093E><U+092F><U+092E> <U+0930><U+0939><U+0947> by flipkart 
#Flipkart 
#AbHarWishHogi… https://t.co/Z4H0fWqmJU",FALSE,0,NA,2015-10-20 16:09:12,FALSE,NA,"656502435121336322",NA,"<a href=""http://ifttt.com"" rel=""nofollow"">IFTTT</a>","Rocking_Virat",0,FALSE,FALSE,NA,NA
"64","tsowkarthika: RT https://t.co/VpeF8N4pup Take a look at tsowkarthika's Tweet: https://t.co/3l6XxW49m8 #flipkart flipkart",FALSE,0,NA,2015-10-20 16:09:10,FALSE,NA,"656502428926365696",NA,"<a href=""http://ifttt.com"" rel=""nofollow"">IFTTT</a>","Rocking_Virat",0,FALSE,FALSE,NA,NA
"65","RT @SwipeLYF: Record-breaking sales of Swipe Elite. #Flipkart #BigBillionDay. Don't wait. Get yours now! http://t.co/KjGkgk1OKG http://t.co…",FALSE,0,NA,2015-10-20 16:08:09,FALSE,NA,"656502171215642624",NA,"<a href=""http://twitter.com/download/android"" rel=""nofollow"">Twitter for Android</a>","Chowdarysuper",11,TRUE,FALSE,NA,NA
"66","#smartphone #BigBillionDays Special Extra Rs5,000 Off on Nexus 6 &amp; Exchange upto Rs.10,000 https://t.co/Z4gY54pW4z #snapdeal #flipkart",FALSE,0,NA,2015-10-20 16:06:17,FALSE,NA,"656501701978017792",NA,"<a href=""http://bufferapp.com"" rel=""nofollow"">Buffer</a>","RupinderGupta",0,FALSE,FALSE,NA,NA
"67","RT @SwipeLYF: Record-breaking sales of Swipe Elite. #Flipkart #BigBillionDay. Don't wait. Get yours now! http://t.co/KjGkgk1OKG http://t.co…",FALSE,0,NA,2015-10-20 16:03:57,FALSE,NA,"656501112711745536",NA,"<a href=""http://twitter.com/download/android"" rel=""nofollow"">Twitter for Android</a>","AvdhutwarSatyam",11,TRUE,FALSE,NA,NA
"68","New countdown for <U+0905><U+0901><U+0927><U+0947><U+0930><U+093E> <U+0915><U+093E><U+092F><U+092E> <U+0930><U+0939><U+0947> by @flipkart 
#Flipkart 
#AbHarWishHogiPoori https://t.co/xmVzuBAxYe",FALSE,0,NA,2015-10-20 16:00:18,FALSE,NA,"656500196369633280",NA,"<a href=""https://mobile.twitter.com"" rel=""nofollow"">Mobile Web (M5)</a>","imAChaurasia",0,FALSE,FALSE,NA,NA
"69","buy #Nexus6P(Graphite, 32 GB) only 39999 only at #flipkart and get 28000rs yatra offer https://t.co/2M04x9NS8W",FALSE,0,NA,2015-10-20 15:52:21,FALSE,NA,"656498194545664000",NA,"<a href=""http://www.facebook.com/twitter"" rel=""nofollow"">Facebook</a>","crazydealonline",1,FALSE,FALSE,NA,NA
"70","Had ordered #smartphones on #BigBillionDays of #Flipkart. Looks like its taking a longer duration than earlier. #wholeindia waiting though.",FALSE,1,NA,2015-10-20 15:50:07,FALSE,NA,"656497633624748032",NA,"<a href=""http://twitter.com/download/android"" rel=""nofollow"">Twitter for Android</a>","tweet_rameshwar",0,FALSE,FALSE,NA,NA
"71","buy Moto E (2nd Gen) 3G(White, 8 GB) at #flipkart https://t.co/jBC3W9C1gy",FALSE,0,NA,2015-10-20 15:42:23,FALSE,NA,"656495685072588802",NA,"<a href=""http://www.facebook.com/twitter"" rel=""nofollow"">Facebook</a>","crazydealonline",0,FALSE,FALSE,NA,NA
"72","buy toshiba 32 gb pen  drive at #flipkart https://t.co/y5F1UWeIsc",FALSE,0,NA,2015-10-20 15:41:46,FALSE,NA,"656495529938034690",NA,"<a href=""http://www.facebook.com/twitter"" rel=""nofollow"">Facebook</a>","crazydealonline",0,FALSE,FALSE,NA,NA
"73","#Flipkart #India #sonyTV at best price ever #TVs
Offers here : https://t.co/HtabIchGQC",FALSE,0,NA,2015-10-20 15:39:21,FALSE,NA,"656494922309177345",NA,"<a href=""http://www.simplycast.com"" rel=""nofollow"">SimplyCast</a>","DealsBasket",0,FALSE,FALSE,NA,NA
"74","#Flipkart #India #sonyTV at best price ever #TVs
Offers here : https://t.co/kttM2A6zHx",FALSE,0,NA,2015-10-20 15:39:20,FALSE,NA,"656494917297045504",NA,"<a href=""http://www.simplycast.com"" rel=""nofollow"">SimplyCast</a>","Tweetrameshwar",0,FALSE,FALSE,NA,NA
"75","#deals #Oyedeal New Chevrolet Key Chain is selling cheaper at INR 199 today https://t.co/UB3OQwv41A #flipkart",FALSE,0,NA,2015-10-20 15:34:22,FALSE,NA,"656493669126529024",NA,"<a href=""http://www.fliptrak.in"" rel=""nofollow"">fliptrak-node</a>","pricetrak",0,FALSE,FALSE,NA,NA
"76","#Flipkart Download best #FlipkartApp 4 #Android #iOS #Windows Mre offers on #mobileapp : https://t.co/cRqT4SYByl https://t.co/U4gjD87lqY",FALSE,1,NA,2015-10-20 15:32:30,FALSE,NA,"656493201398853632",NA,"<a href=""http://www.simplycast.com"" rel=""nofollow"">SimplyCast</a>","DealsBasket",0,FALSE,FALSE,NA,NA
"77","#Flipkart Download best #FlipkartApp 4 #Android #iOS #Windows Mre offers on #mobileapp : https://t.co/vNCdC1ZFMy https://t.co/wVnW94tRnG",FALSE,0,NA,2015-10-20 15:32:29,FALSE,NA,"656493193639407616",NA,"<a href=""http://www.simplycast.com"" rel=""nofollow"">SimplyCast</a>","Tweetrameshwar",0,FALSE,FALSE,NA,NA
"78","#deals #Logitech B175 Wireless Mouse is selling cheaper by 30% at INR 417 today https://t.co/22QDOj6Bk8 #flipkart",FALSE,0,NA,2015-10-20 15:27:04,FALSE,NA,"656491830406590464",NA,"<a href=""http://www.fliptrak.in"" rel=""nofollow"">fliptrak-node</a>","pricetrak",0,FALSE,FALSE,NA,NA
"79","#deals #Remington Ci76 Hair Curler is selling cheaper at INR 2100 today https://t.co/988oe3yvqT #flipkart",FALSE,0,NA,2015-10-20 15:26:29,FALSE,NA,"656491685979947008",NA,"<a href=""http://www.fliptrak.in"" rel=""nofollow"">fliptrak-node</a>","pricetrak",0,FALSE,FALSE,NA,NA
"80","#deals #Fastrack 9949PP02 Analog Watch - For Men is selling cheaper at INR 1115 today https://t.co/dkEtS2RBB9 #flipkart",FALSE,0,NA,2015-10-20 15:25:40,FALSE,NA,"656491479804719104",NA,"<a href=""http://www.fliptrak.in"" rel=""nofollow"">fliptrak-node</a>","pricetrak",0,FALSE,FALSE,NA,NA
"81","#deals #Philips QT4001/15 Trimmer For Men is selling cheaper at INR 999 today https://t.co/TYmQmw9lLy #flipkart",FALSE,0,NA,2015-10-20 15:22:53,FALSE,NA,"656490781243371520",NA,"<a href=""http://www.fliptrak.in"" rel=""nofollow"">fliptrak-node</a>","pricetrak",0,FALSE,FALSE,NA,NA
"82","#deals #Sennheiser RS 120-8 II Wireless Headphones is selling cheaper by 3% at INR 7400 today https://t.co/M2gdFefwJk #flipkart",FALSE,0,NA,2015-10-20 15:20:49,FALSE,NA,"656490257685323776",NA,"<a href=""http://ifttt.com"" rel=""nofollow"">IFTTT</a>","WorlWindWriting",0,FALSE,FALSE,NA,NA
"83","#deals #Sennheiser PMX80 Sports II Wired Headphones is selling cheaper at INR 1380 today https://t.co/7A8fQxEi0h #flipkart",FALSE,0,NA,2015-10-20 15:20:48,FALSE,NA,"656490256645103616",NA,"<a href=""http://ifttt.com"" rel=""nofollow"">IFTTT</a>","WorlWindWriting",0,FALSE,FALSE,NA,NA
"84","#deals Denver Black.Code EDP  -  50 ml is selling cheaper at INR 164 today https://t.co/B3oQSXFoGg #flipkart",FALSE,0,NA,2015-10-20 15:16:17,FALSE,NA,"656489117732093952",NA,"<a href=""http://www.fliptrak.in"" rel=""nofollow"">fliptrak-node</a>","pricetrak",0,FALSE,FALSE,NA,NA
"85","Dishonored PS4 33% Off @ Rs 1999
https://t.co/q3MIYeQyW8
#flipkart #Dishonored #PS4 #Bethesda #ArkaneStudios #Deals #Offers",FALSE,0,NA,2015-10-20 15:13:09,FALSE,NA,"656488328791916545",NA,"<a href=""http://twitter.com"" rel=""nofollow"">Twitter Web Client</a>","shahidchess",0,FALSE,FALSE,NA,NA
"86","Get a free ride on uber on registering with this code ( SUSHILK1064UE ) . #jabong #amazon #flipkart #snapdeal #uberindia #Uber #Freeuber",FALSE,0,NA,2015-10-20 15:10:29,FALSE,NA,"656487658567409664",NA,"<a href=""http://ifttt.com"" rel=""nofollow"">IFTTT</a>","Sahil_Xd",0,FALSE,FALSE,NA,NA
"87","#Flipkart Launches Second Version Of Its Seller's #App With Improved Features https://t.co/VCrfSkFE1D https://t.co/XJt2dI16da",FALSE,0,NA,2015-10-20 15:10:26,FALSE,NA,"656487648194928640",NA,"<a href=""http://www.hootsuite.com"" rel=""nofollow"">Hootsuite</a>","MobileApp_Hub",0,FALSE,FALSE,NA,NA
"88","pricetrak: RT https://t.co/VpeF8N4pup #deals Nexus 5 is selling cheaper at INR 26990 today https://t.co/cdlXE7pccw #flipkart",FALSE,0,NA,2015-10-20 15:09:13,FALSE,NA,"656487339120832512",NA,"<a href=""http://ifttt.com"" rel=""nofollow"">IFTTT</a>","Rocking_Virat",0,FALSE,FALSE,NA,NA
"89","RT @nabindust: #Techerina From The Mountain To The Ocean, Available in #Flipkart https://t.co/yRteepW8YW @RunwithRoshni https://t.co/lrRbQY…",FALSE,0,NA,2015-10-20 15:08:47,FALSE,NA,"656487229980811264",NA,"<a href=""http://twitter.com"" rel=""nofollow"">Twitter Web Client</a>","DipendraDipzo",5,TRUE,FALSE,NA,NA
"90","#deals Nexus 5 is selling cheaper at INR 26990 today https://t.co/jbRRIXDKg5 #flipkart",FALSE,0,NA,2015-10-20 15:08:12,FALSE,NA,"656487084123750401",NA,"<a href=""http://www.fliptrak.in"" rel=""nofollow"">fliptrak-node</a>","pricetrak",0,FALSE,FALSE,NA,NA
"91","The best deals seems to be employee perks :)
#Ecom #sales #india #flipkart #Amazon #Snapdeal #PayTM  https://t.co/zeIUdziAMq",FALSE,0,NA,2015-10-20 14:35:53,FALSE,NA,"656478953612316672",NA,"<a href=""http://twitter.com/#!/download/ipad"" rel=""nofollow"">Twitter for iPad</a>","zentosh",0,FALSE,FALSE,NA,NA
"92","#Flipkart Download best #FlipkartApp 4 #Android #iOS #Windows Mre offers on #mobileapp : https://t.co/cRqT4SYByl https://t.co/Baj7X6lKVk",FALSE,0,NA,2015-10-20 14:32:27,FALSE,NA,"656478088453332992",NA,"<a href=""http://www.simplycast.com"" rel=""nofollow"">SimplyCast</a>","DealsBasket",0,FALSE,FALSE,NA,NA
"93","#Flipkart Download best #FlipkartApp 4 #Android #iOS #Windows Mre offers on #mobileapp : https://t.co/vNCdC1ZFMy https://t.co/mfGgwn0LjL",FALSE,0,NA,2015-10-20 14:32:26,FALSE,NA,"656478081276858368",NA,"<a href=""http://www.simplycast.com"" rel=""nofollow"">SimplyCast</a>","Tweetrameshwar",0,FALSE,FALSE,NA,NA
"94","#Flipkart Download best #FlipkartApp 4 #Android #iOS #Windows Mre offers on #mobileapp : https://t.co/DmtXeujHBi https://t.co/Oe7pLpmyf4",FALSE,0,NA,2015-10-20 14:32:24,FALSE,NA,"656478073852948480",NA,"<a href=""http://www.simplycast.com"" rel=""nofollow"">SimplyCast</a>","ONLYOffers1",0,FALSE,FALSE,NA,NA
"95","@PawarViney @Flipkart Its been 3 hours they promised to look into it but no progress.Move to @amazonIN Horrible #customercare for #flipkart",FALSE,0,"PawarViney",2015-10-20 14:24:23,FALSE,"656473762003468288","656476059173392384","3958396519","<a href=""http://twitter.com"" rel=""nofollow"">Twitter Web Client</a>","Biju_Pillai76",0,FALSE,FALSE,NA,NA
"96","RT @varanasilive: <U+0905><U+092C> <U+0939><U+0926> <U+0939><U+094B> <U+0917><U+092F><U+0940> <U+0905><U+092B><U+0935><U+093E><U+0939><U+094B><U+0902> <U+0915><U+093F> <U+0905><U+092C> <U+092F><U+0947> <U+0915><U+094C><U+0928> <U+0915><U+0939> <U+0930><U+0939><U+093E> <U+0939><U+0948> <U+0915><U+093F> #flipkart <U+0915><U+0940> <U+0938><U+0947><U+0932> <U+092E><U+0947><U+0902> <U+0938><U+093E><U+0939><U+093F><U+0924><U+094D><U+092F> <U+0905><U+0915><U+0947><U+0921><U+092E><U+0940> <U+0938><U+092E><U+094D><U+092E><U+093E><U+0928> <U+092D><U+093E><U+0930><U+0940> <U+0921><U+093F><U+0938><U+094D><U+0915><U+093E><U+0909><U+0902><U+091F> <U+0914><U+0930>
<ed><U+00A0><U+00BD><ed><U+00B1><U+0089> <U+0915><U+0948><U+0936> <U+0906><U+0928> <U+0921><U+093F><U+0932><U+0947>…",FALSE,0,NA,2015-10-20 14:22:49,FALSE,NA,"656475662757203968",NA,"<a href=""http://twitter.com/download/android"" rel=""nofollow"">Twitter for Android</a>","sh_vArsHa",142,TRUE,FALSE,NA,NA
"97","#deals #Sennheiser RS 120-8 II Wireless Headphones is selling cheaper by 3% at INR 7400 today https://t.co/M2gdFefwJk #flipkart",FALSE,0,NA,2015-10-20 14:20:38,FALSE,NA,"656475113278349312",NA,"<a href=""http://ifttt.com"" rel=""nofollow"">IFTTT</a>","WorlWindWriting",0,FALSE,FALSE,NA,NA
"98","#deals #Sennheiser PMX80 Sports II Wired Headphones is selling cheaper at INR 1380 today https://t.co/7A8fQxEi0h #flipkart",FALSE,0,NA,2015-10-20 14:20:38,FALSE,NA,"656475112460427264",NA,"<a href=""http://ifttt.com"" rel=""nofollow"">IFTTT</a>","WorlWindWriting",0,FALSE,FALSE,NA,NA
"99","Beautiful Girls Let your skin feel #10yearsyounger with Pond’s Age Miracle. Buy: https://t.co/DVajEswWFP #bigbilliondays #flipkart #movies…",FALSE,0,NA,2015-10-20 14:15:07,FALSE,NA,"656473725395738624",NA,"<a href=""http://bufferapp.com"" rel=""nofollow"">Buffer</a>","chrisjonny9",0,FALSE,FALSE,NA,NA
"100","#deals #Zebronics Zeb-S500 2.0 Multimedia Speakers is selling cheaper by 21% at INR 355 today https://t.co/pVdAnlh9jm #flipkart",FALSE,0,NA,2015-10-20 14:10:11,FALSE,NA,"656472484577865728",NA,"<a href=""http://www.fliptrak.in"" rel=""nofollow"">fliptrak-node</a>","pricetrak",0,FALSE,FALSE,NA,NA
"101","#deals #Samsung Galaxy Note 5 is selling cheaper by 1% at INR 52900 today https://t.co/qlOqeR8BWd #flipkart",FALSE,0,NA,2015-10-20 14:08:24,FALSE,NA,"656472035808284672",NA,"<a href=""http://www.fliptrak.in"" rel=""nofollow"">fliptrak-node</a>","pricetrak",0,FALSE,FALSE,NA,NA
"102","RT @nabindust: #Techerina From The Mountain To The Ocean, Available in #Flipkart https://t.co/yRteepW8YW @RunwithRoshni https://t.co/lrRbQY…",FALSE,0,NA,2015-10-20 14:02:39,FALSE,NA,"656470588521881604",NA,"<a href=""http://twitter.com/download/iphone"" rel=""nofollow"">Twitter for iPhone</a>","rai_basant",5,TRUE,FALSE,NA,NA
"103","VoltDB to Power Flipkart's Real-Time #OrderManagement --, Oct. 20, 2015 /PRNewswire/ -- https://t.co/BF3uTi8C5J #flipkart #realtime",FALSE,0,NA,2015-10-20 14:02:06,FALSE,NA,"656470450294366208",NA,"<a href=""http://twitter.com"" rel=""nofollow"">Twitter Web Client</a>","tmeusel",0,FALSE,FALSE,NA,NA
"104","#deals Morphy Richards At 401 1400 W Pop Up Toaster is selling cheaper at INR 1890 today https://t.co/fD5ca2SrRm #flipkart",FALSE,0,NA,2015-10-20 14:02:03,FALSE,NA,"656470435136036864",NA,"<a href=""http://www.fliptrak.in"" rel=""nofollow"">fliptrak-node</a>","pricetrak",0,FALSE,FALSE,NA,NA
"105","#deals Urbanears Plattan Wired Headset is selling cheaper by 15% at INR 2499 today https://t.co/hJArT65Y7w #flipkart",FALSE,0,NA,2015-10-20 13:58:38,FALSE,NA,"656469575798624256",NA,"<a href=""http://www.fliptrak.in"" rel=""nofollow"">fliptrak-node</a>","pricetrak",0,FALSE,FALSE,NA,NA
"106","RT @nabindust: #Techerina From The Mountain To The Ocean, Available in #Flipkart https://t.co/yRteepW8YW @RunwithRoshni https://t.co/lrRbQY…",FALSE,0,NA,2015-10-20 13:54:54,FALSE,NA,"656468638132637696",NA,"<a href=""http://twitter.com/download/android"" rel=""nofollow"">Twitter for Android</a>","R_Bastola",5,TRUE,FALSE,NA,NA
"107","RT @nabindust: #Techerina From The Mountain To The Ocean, Available in #Flipkart https://t.co/yRteepW8YW @RunwithRoshni https://t.co/lrRbQY…",FALSE,0,NA,2015-10-20 13:52:43,FALSE,NA,"656468088381026305",NA,"<a href=""http://twitter.com/download/android"" rel=""nofollow"">Twitter for Android</a>","ShradanjaliRai",5,TRUE,FALSE,NA,NA
"108","RT @tech_erina: #Techerina From The Mountain To The Ocean, Available in #Flipkart https://t.co/BdbUMHwIRZ #runwithroshni",FALSE,0,NA,2015-10-20 13:51:19,FALSE,NA,"656467735287762944",NA,"<a href=""http://twitter.com/download/android"" rel=""nofollow"">Twitter for Android</a>","sudarshanlimbu",2,TRUE,FALSE,NA,NA
"109","RT @mirikmksf: #Techerina From The Mountain To The Ocean, Available in #Flipkart https://t.co/qsqrJjQZjV #RunwithRoshni https://t.co/P7wE4S…",FALSE,0,NA,2015-10-20 13:50:41,FALSE,NA,"656467578101960704",NA,"<a href=""http://twitter.com/download/android"" rel=""nofollow"">Twitter for Android</a>","sudarshanlimbu",1,TRUE,FALSE,NA,NA
"110","RT @nabindust: #Techerina From The Mountain To The Ocean, Available in #Flipkart https://t.co/yRteepW8YW @RunwithRoshni https://t.co/lrRbQY…",FALSE,0,NA,2015-10-20 13:48:15,FALSE,NA,"656466963997179905",NA,"<a href=""http://twitter.com/download/android"" rel=""nofollow"">Twitter for Android</a>","sudarshanlimbu",5,TRUE,FALSE,NA,NA
"111","Beautiful Girls Let your skin feel #10yearsyounger with Pond’s Age Miracle. Buy: https://t.co/qkTajSSnzA #bigbilliondays #flipkart #movies",FALSE,0,NA,2015-10-20 13:39:02,FALSE,NA,"656464642873667584",NA,"<a href=""http://bufferapp.com"" rel=""nofollow"">Buffer</a>","anshbhalogupto",0,FALSE,FALSE,NA,NA
"112","#Flipkart #India #sonyTV at best price ever #TVs
Offers here : https://t.co/SyQqqacL1y",FALSE,0,NA,2015-10-20 13:38:16,FALSE,NA,"656464451999309826",NA,"<a href=""http://www.simplycast.com"" rel=""nofollow"">SimplyCast</a>","ONLYOffers1",0,FALSE,FALSE,NA,NA
"113","#Flipkart Download best #FlipkartApp 4 #Android #iOS #Windows Mre offers on #mobileapp : https://t.co/DmtXeujHBi https://t.co/Gc1OX31ocP",FALSE,0,NA,2015-10-20 13:32:24,FALSE,NA,"656462973494542336",NA,"<a href=""http://www.simplycast.com"" rel=""nofollow"">SimplyCast</a>","ONLYOffers1",0,FALSE,FALSE,NA,NA
"114","@Flipkart @_sachinbansal Again disappopinted with your delivery system, Today also not get the product. #flipkart Think about it..",FALSE,0,"KALIBHUSHAN",2015-10-20 13:32:16,FALSE,"656117111194947584","656462943878410240","229764198","<a href=""https://about.twitter.com/products/tweetdeck"" rel=""nofollow"">TweetDeck</a>","KALIBHUSHAN",0,FALSE,FALSE,NA,NA
"115","#Techerina From The Mountain To The Ocean, Available in #Flipkart https://t.co/qsqrJjQZjV #RunwithRoshni https://t.co/P7wE4S7n2p",FALSE,0,NA,2015-10-20 13:31:19,FALSE,NA,"656462703234568192",NA,"<a href=""http://www.facebook.com/twitter"" rel=""nofollow"">Facebook</a>","mirikmksf",1,FALSE,FALSE,NA,NA
"116","#deals #Sennheiser RS 120-8 II Wireless Headphones is selling cheaper by 3% at INR 7400 today https://t.co/M2gdFefwJk #flipkart",FALSE,0,NA,2015-10-20 13:29:25,FALSE,NA,"656462226447036416",NA,"<a href=""http://ifttt.com"" rel=""nofollow"">IFTTT</a>","WorlWindWriting",0,FALSE,FALSE,NA,NA
"117","#deals #Sennheiser PMX80 Sports II Wired Headphones is selling cheaper at INR 1380 today https://t.co/7A8fQxEi0h #flipkart",FALSE,0,NA,2015-10-20 13:29:25,FALSE,NA,"656462225578815488",NA,"<a href=""http://ifttt.com"" rel=""nofollow"">IFTTT</a>","WorlWindWriting",0,FALSE,FALSE,NA,NA
"118","#deals One Life Is Not Enough : An Autobiography (English) (Hardcover) is selling cheaper at INR 155 today https://t.co/8YsXAvEwYJ #flipkart",FALSE,0,NA,2015-10-20 13:23:35,FALSE,NA,"656460755286421506",NA,"<a href=""http://www.fliptrak.in"" rel=""nofollow"">fliptrak-node</a>","pricetrak",0,FALSE,FALSE,NA,NA
"119","#deals #HTC Desire 626G Plus (Blue Lagoon, 8 GB) is selling cheaper at INR 13489 today https://t.co/lMeBO0UsLo #flipkart",FALSE,0,NA,2015-10-20 13:21:05,FALSE,NA,"656460127302586368",NA,"<a href=""http://www.fliptrak.in"" rel=""nofollow"">fliptrak-node</a>","pricetrak",0,FALSE,FALSE,NA,NA
"120","#deals #Intex Cloud M6 (White, 8 GB) is selling cheaper at INR 5499 today https://t.co/ynBleG3x5G #flipkart",FALSE,0,NA,2015-10-20 13:20:11,FALSE,NA,"656459899245735936",NA,"<a href=""http://www.fliptrak.in"" rel=""nofollow"">fliptrak-node</a>","pricetrak",0,FALSE,FALSE,NA,NA
"121","#deals #Sony Xperia E4 Dual Sim (Black, 8 GB) is selling cheaper at INR 8379 today https://t.co/ftWfG9UE3H #flipkart",FALSE,0,NA,2015-10-20 13:19:52,FALSE,NA,"656459822762602497",NA,"<a href=""http://www.fliptrak.in"" rel=""nofollow"">fliptrak-node</a>","pricetrak",0,FALSE,FALSE,NA,NA
"122","#Techerina From The Mountain To The Ocean, Available in #Flipkart https://t.co/yRteepW8YW @RunwithRoshni https://t.co/lrRbQYlT7p",FALSE,1,NA,2015-10-20 13:19:28,FALSE,NA,"656459720257966080",NA,"<a href=""http://twitter.com"" rel=""nofollow"">Twitter Web Client</a>","nabindust",5,FALSE,FALSE,NA,NA
"123","RT @tech_erina: #Techerina From The Mountain To The Ocean, Available in #Flipkart https://t.co/BdbUMHwIRZ #runwithroshni",FALSE,0,NA,2015-10-20 13:18:55,FALSE,NA,"656459580487036928",NA,"<a href=""http://twitter.com"" rel=""nofollow"">Twitter Web Client</a>","nabindust",2,TRUE,FALSE,NA,NA
"124","#Techerina From The Mountain To The Ocean, Available in #Flipkart https://t.co/BdbUMHwIRZ #runwithroshni",FALSE,0,NA,2015-10-20 13:17:59,FALSE,NA,"656459349439569920",NA,"<a href=""http://www.google.com/"" rel=""nofollow"">Google</a>","tech_erina",2,FALSE,FALSE,NA,NA
"125","Get #BestSelling Men’s Polo 8 Pcs T-Shirt only in Rs.1699 – @Flipkart 

#Flipkart #Diwali 

https://t.co/jPqNvGO1x4 https://t.co/p5wGBEZEV1",FALSE,0,NA,2015-10-20 13:14:29,FALSE,NA,"656458467675238403",NA,"<a href=""http://twitter.com"" rel=""nofollow"">Twitter Web Client</a>","paisebachaoPBI",0,FALSE,FALSE,NA,NA
"126","3rd time in a row, bought a product from @snapdeal while i actually intend to buy either from #Flipkart or #Amazon.Cost is the difference.",FALSE,0,NA,2015-10-20 13:14:28,FALSE,NA,"656458461769699329",NA,"<a href=""http://twitter.com"" rel=""nofollow"">Twitter Web Client</a>","suresh_madineni",0,FALSE,FALSE,NA,NA
"127","#deals #Bosch - Skil F.OO2.H80.088 Multi Utility Plier is selling cheaper at INR 292 today https://t.co/HCmgvByrGb #flipkart",FALSE,0,NA,2015-10-20 13:13:35,FALSE,NA,"656458238171332608",NA,"<a href=""http://www.fliptrak.in"" rel=""nofollow"">fliptrak-node</a>","pricetrak",0,FALSE,FALSE,NA,NA
"128","i_rashi: RT https://t.co/VpeF8N4pup RT KommonIndianMan: Modi caught searching for ""Vikas"" on #Flipkart

#BigBillionDays",FALSE,0,NA,2015-10-20 13:13:02,FALSE,NA,"656458100183080960",NA,"<a href=""http://ifttt.com"" rel=""nofollow"">IFTTT</a>","Rocking_Virat",0,FALSE,FALSE,NA,NA
"129","#deals #Samsung Galaxy S6 Edge is selling cheaper at INR 42998 today https://t.co/p02awXVGJF #flipkart",FALSE,0,NA,2015-10-20 13:10:13,FALSE,NA,"656457390783467521",NA,"<a href=""http://www.fliptrak.in"" rel=""nofollow"">fliptrak-node</a>","pricetrak",0,FALSE,FALSE,NA,NA
"130","RT @JiivantRAshar: @Flipkart my hp laptop order is unilaterally cancelled by ur team without consultation...unfair treatment...need interve…",FALSE,0,NA,2015-10-20 12:59:28,FALSE,NA,"656454688158687233",NA,"<a href=""http://twitter.com/download/android"" rel=""nofollow"">Twitter for Android</a>","technovestor",15,TRUE,FALSE,NA,NA
"131","#deals Far Cry 4 (Standard Edition) is selling cheaper by 3% at INR 2290 today https://t.co/GR3ueUUHlZ #flipkart",FALSE,0,NA,2015-10-20 12:56:47,FALSE,NA,"656454013517303809",NA,"<a href=""http://www.fliptrak.in"" rel=""nofollow"">fliptrak-node</a>","pricetrak",0,FALSE,FALSE,NA,NA
"132","RT @KommonIndianMan: Modi caught searching for ""Vikas"" on #Flipkart

#BigBillionDays",FALSE,0,NA,2015-10-20 12:53:19,FALSE,NA,"656453141865480192",NA,"<a href=""http://twitter.com/download/iphone"" rel=""nofollow"">Twitter for iPhone</a>","i_rashi",7,TRUE,FALSE,NA,NA
"133","#deals SanDisk SDCZ43-032G-G46 ultra fit 32 GB  Pen Drive is selling cheaper at INR 880 today https://t.co/F6jVNwBSya #flipkart",FALSE,0,NA,2015-10-20 12:49:33,FALSE,NA,"656452192430256128",NA,"<a href=""http://www.fliptrak.in"" rel=""nofollow"">fliptrak-node</a>","pricetrak",0,FALSE,FALSE,NA,NA
"134","#deals #Microsoft Lumia 535 DS is selling cheaper by 1% at INR 6919 today https://t.co/gfHBPUGIK2 #flipkart",FALSE,0,NA,2015-10-20 12:49:24,FALSE,NA,"656452152928239617",NA,"<a href=""http://www.fliptrak.in"" rel=""nofollow"">fliptrak-node</a>","pricetrak",0,FALSE,FALSE,NA,NA
"135","Beautiful Girls Let your skin feel #10yearsyounger with Pond’s Age Miracle. Buy: https://t.co/beFIbUKQPe #bigbilliondays #flipkart #movies",FALSE,0,NA,2015-10-20 12:47:07,FALSE,NA,"656451580850536448",NA,"<a href=""http://bufferapp.com"" rel=""nofollow"">Buffer</a>","RupinderGupta",0,FALSE,FALSE,NA,NA
"136","#Flipkart #CustomerService dept is bad. Had placed an order and requested for address change for the delivery add.. no help from them..",FALSE,0,NA,2015-10-20 12:39:09,FALSE,NA,"656449574857527296",NA,"<a href=""http://twitter.com/download/android"" rel=""nofollow"">Twitter for Android</a>","bhavika_k",0,FALSE,FALSE,NA,NA
"137","#LifeWithoutInternet is like #Flipkart #Amazon delivering to #Noida",FALSE,0,NA,2015-10-20 12:38:07,FALSE,NA,"656449315968192512",NA,"<a href=""http://twitter.com"" rel=""nofollow"">Twitter Web Client</a>","borrego32kutum2",0,FALSE,FALSE,NA,NA
"138","#Flipkart Download best #FlipkartApp 4 #Android #iOS #Windows Mre offers on #mobileapp : https://t.co/cRqT4SYByl https://t.co/dVT5IF7NCG",FALSE,0,NA,2015-10-20 12:32:38,FALSE,NA,"656447936268759040",NA,"<a href=""http://www.simplycast.com"" rel=""nofollow"">SimplyCast</a>","DealsBasket",0,FALSE,FALSE,NA,NA
"139","#Flipkart Download best #FlipkartApp 4 #Android #iOS #Windows Mre offers on #mobileapp : https://t.co/vNCdC1ZFMy https://t.co/G3CWUtZjPV",FALSE,0,NA,2015-10-20 12:32:37,FALSE,NA,"656447929847304192",NA,"<a href=""http://www.simplycast.com"" rel=""nofollow"">SimplyCast</a>","Tweetrameshwar",0,FALSE,FALSE,NA,NA
"140","#deals #Microsoft Lumia 535 DS (White, 8 GB) is selling cheaper by 1% at INR 6919 today https://t.co/qZIehB62XL #flipkart",FALSE,0,NA,2015-10-20 12:23:19,FALSE,NA,"656445590234988544",NA,"<a href=""http://www.fliptrak.in"" rel=""nofollow"">fliptrak-node</a>","pricetrak",0,FALSE,FALSE,NA,NA
"141","RT @babu7469: #Laptops below Rs.20000 @ http://t.co/edGiZbSgin #flipkart #snapdeal #amazon #couponnazi",FALSE,0,NA,2015-10-20 12:19:24,FALSE,NA,"656444604753928192",NA,"<a href=""http://traffup.net"" rel=""nofollow"">TraffUP</a>","RealHimmatwala",497,TRUE,FALSE,NA,NA
"142","#LifeWithoutInternet is like #Flipkart #Amazon delivering to #Noida",FALSE,0,NA,2015-10-20 12:19:17,FALSE,NA,"656444577033945088",NA,"<a href=""http://twitter.com"" rel=""nofollow"">Twitter Web Client</a>","humia49048757",0,FALSE,FALSE,NA,NA
"143","@niteesh28 naa paadu padda BB lo camera pani chesi yugaalu daatindi . E Diwali ki maa @sravan523 anna naaku phone konnistaaanaaru #flipkart",FALSE,0,"niteesh28",2015-10-20 12:16:47,FALSE,"656439689834926081","656443945505943552","2915538158","<a href=""http://blackberry.com/twitter"" rel=""nofollow"">Twitter for BlackBerry®</a>","yamakinkarudu",0,FALSE,FALSE,NA,NA
"144","#deals #Samsung Galaxy A3 is selling cheaper at INR 13100 today https://t.co/AdWA9UI2EA #flipkart",FALSE,0,NA,2015-10-20 12:15:39,FALSE,NA,"656443660184088576",NA,"<a href=""http://www.fliptrak.in"" rel=""nofollow"">fliptrak-node</a>","pricetrak",0,FALSE,FALSE,NA,NA
"145","#deals #Samsung Galaxy Note 3 Neo is selling cheaper at INR 19900 today https://t.co/p0S3tMXDA4 #flipkart",FALSE,0,NA,2015-10-20 12:15:37,FALSE,NA,"656443650373632004",NA,"<a href=""http://www.fliptrak.in"" rel=""nofollow"">fliptrak-node</a>","pricetrak",0,FALSE,FALSE,NA,NA
"146","#deals #Nokia Lumia 630 is selling cheaper by 2% at INR 5300 today https://t.co/k6TH1MGdmF #flipkart",FALSE,0,NA,2015-10-20 12:15:07,FALSE,NA,"656443526813581312",NA,"<a href=""http://www.fliptrak.in"" rel=""nofollow"">fliptrak-node</a>","pricetrak",0,FALSE,FALSE,NA,NA
"147","#deals #Parker Vector Gold GT Roller Ball Pen is selling cheaper at INR 514 today https://t.co/RMARIsELP3 #flipkart",FALSE,0,NA,2015-10-20 12:10:25,FALSE,NA,"656442344238002176",NA,"<a href=""http://www.fliptrak.in"" rel=""nofollow"">fliptrak-node</a>","pricetrak",0,FALSE,FALSE,NA,NA
"148","#deals #Sennheiser RS 120-8 II Wireless Headphones is selling cheaper by 3% at INR 7400 today https://t.co/M2gdFefwJk #flipkart",FALSE,0,NA,2015-10-20 12:05:25,FALSE,NA,"656441084512501760",NA,"<a href=""http://ifttt.com"" rel=""nofollow"">IFTTT</a>","WorlWindWriting",0,FALSE,FALSE,NA,NA
"149","#deals #Sennheiser PMX80 Sports II Wired Headphones is selling cheaper at INR 1380 today https://t.co/7A8fQxEi0h #flipkart",FALSE,0,NA,2015-10-20 12:05:25,FALSE,NA,"656441083581374464",NA,"<a href=""http://ifttt.com"" rel=""nofollow"">IFTTT</a>","WorlWindWriting",0,FALSE,FALSE,NA,NA
"150","RT @babu7469: #Laptops below Rs.20000 @ http://t.co/edGiZbSgin #flipkart #snapdeal #amazon #couponnazi",FALSE,0,NA,2015-10-20 12:05:20,FALSE,NA,"656441065260449792",NA,"<a href=""http://traffup.net"" rel=""nofollow"">TraffUP</a>","anushkashetyfc",497,TRUE,FALSE,NA,NA
